{
  "CurrentLevel": 5,
  "PlayerHealth": 100,
  "PlayerAmmo": 48,
  "PlayerScore": 11393,
  "PlayerKills": 29,
  "PlayerX": 14.9145107,
  "PlayerY": 10.1067905,
  "PlayerAngle": 10.7130013,
  "SaveDate": "2026-02-28 10:56:26"
}